{"cameraMode":{"drawMode":0,"name":"Shaded","section":"Shading Mode"},"sceneLighting":false,"audioPlay":false,"sceneViewState":{"showFog":true,"showMaterialUpdate":false,"showSkybox":true,"showFlares":true,"showImageEffects":true,"showParticleSystems":true},"in2DMode":false,"pivot":{"x":-0.003000974655151367,"y":4.808570861816406,"z":-0.1743597686290741},"rotation":{"x":0.2635224461555481,"y":0.6987613439559937,"z":-0.314027339220047,"w":0.5862383246421814},"size":6.753480911254883,"orthographic":false}