{"cameraMode":{"drawMode":0,"name":"Shaded","section":"Shading Mode"},"sceneLighting":false,"audioPlay":false,"sceneViewState":{"showFog":true,"showMaterialUpdate":false,"showSkybox":true,"showFlares":true,"showImageEffects":true,"showParticleSystems":true},"in2DMode":false,"pivot":{"x":-1.1666239500045777,"y":3.8080174922943117,"z":0.3096035420894623},"rotation":{"x":-0.3892752230167389,"y":-0.5854095816612244,"z":0.378437340259552,"w":-0.6021177172660828},"size":4.546721458435059,"orthographic":false}