{"cameraMode":{"drawMode":0,"name":"Shaded","section":"Shading Mode"},"sceneLighting":true,"audioPlay":false,"sceneViewState":{"showFog":true,"showMaterialUpdate":false,"showSkybox":true,"showFlares":true,"showImageEffects":true,"showParticleSystems":true},"in2DMode":false,"pivot":{"x":0.6065934896469116,"y":0.383746862411499,"z":0.9506400227546692},"rotation":{"x":-0.006831818260252476,"y":-0.1426394283771515,"z":0.0009460239671170712,"w":-0.9897507429122925},"size":2.910771131515503,"orthographic":false}