{"cameraMode":{"drawMode":0,"name":"Shaded","section":"Shading Mode"},"sceneLighting":false,"audioPlay":false,"sceneViewState":{"showFog":true,"showMaterialUpdate":false,"showSkybox":true,"showFlares":true,"showImageEffects":true,"showParticleSystems":true},"in2DMode":false,"pivot":{"x":-1.2866872549057007,"y":3.4515531063079836,"z":-0.5610586404800415},"rotation":{"x":-0.14032237231731416,"y":-0.18740630149841309,"z":0.02706000581383705,"w":-0.9718314409255981},"size":1.9578945636749268,"orthographic":false}