{"cameraMode":{"drawMode":0,"name":"Shaded","section":"Shading Mode"},"sceneLighting":false,"audioPlay":false,"sceneViewState":{"showFog":true,"showMaterialUpdate":false,"showSkybox":true,"showFlares":true,"showImageEffects":true,"showParticleSystems":true},"in2DMode":false,"pivot":{"x":-2.716642379760742,"y":1.7302957773208619,"z":1.1478040218353272},"rotation":{"x":0.06833668798208237,"y":0.015868647024035455,"z":-0.0010899122571572662,"w":0.9975355267524719},"size":15.221227645874024,"orthographic":false}