{"cameraMode":{"drawMode":0,"name":"Shaded","section":"Shading Mode"},"sceneLighting":false,"audioPlay":false,"sceneViewState":{"showFog":true,"showMaterialUpdate":false,"showSkybox":true,"showFlares":true,"showImageEffects":true,"showParticleSystems":true},"in2DMode":false,"pivot":{"x":-8.503633499145508,"y":0.5600001811981201,"z":16.50494384765625},"rotation":{"x":-0.2722034752368927,"y":-0.13226564228534699,"z":0.03780471533536911,"w":-0.9523559808731079},"size":13.773136138916016,"orthographic":false}