{"cameraMode":{"drawMode":0,"name":"Shaded","section":"Shading Mode"},"sceneLighting":false,"audioPlay":false,"sceneViewState":{"showFog":true,"showMaterialUpdate":false,"showSkybox":true,"showFlares":true,"showImageEffects":true,"showParticleSystems":true},"in2DMode":false,"pivot":{"x":-5.960464477539063e-8,"y":5.000089168548584,"z":0.00037997961044311523},"rotation":{"x":-0.09195686131715775,"y":-0.690274715423584,"z":0.08910342305898667,"w":-0.7121273875236511},"size":2.699308156967163,"orthographic":false}