{"cameraMode":{"drawMode":0,"name":"Shaded","section":"Shading Mode"},"sceneLighting":false,"audioPlay":false,"sceneViewState":{"showFog":true,"showMaterialUpdate":false,"showSkybox":true,"showFlares":true,"showImageEffects":true,"showParticleSystems":true},"in2DMode":false,"pivot":{"x":-9.886980056762696,"y":1.9415154457092286,"z":16.52741241455078},"rotation":{"x":-0.24788174033164979,"y":-0.08126365393400192,"z":0.020871521905064584,"w":-0.9651504158973694},"size":10.835558891296387,"orthographic":false}