{"cameraMode":{"drawMode":0,"name":"Shaded","section":"Shading Mode"},"sceneLighting":false,"audioPlay":false,"sceneViewState":{"showFog":true,"showMaterialUpdate":false,"showSkybox":true,"showFlares":true,"showImageEffects":true,"showParticleSystems":true},"in2DMode":false,"pivot":{"x":4.052818298339844,"y":4.473047256469727,"z":0.5211143493652344},"rotation":{"x":-0.044036511331796649,"y":0.6566776037216187,"z":0.03845953941345215,"w":0.7519016861915588},"size":19.28220558166504,"orthographic":false}