{"cameraMode":{"drawMode":0,"name":"Shaded","section":"Shading Mode"},"sceneLighting":false,"audioPlay":false,"sceneViewState":{"showFog":true,"showMaterialUpdate":false,"showSkybox":true,"showFlares":true,"showImageEffects":true,"showParticleSystems":true},"in2DMode":false,"pivot":{"x":2.614144802093506,"y":5.666930198669434,"z":-2.1042771339416506},"rotation":{"x":-0.026098225265741349,"y":0.8986982703208923,"z":0.05398670211434364,"w":0.43444889783859255},"size":3.8688013553619386,"orthographic":false}