{"cameraMode":{"drawMode":0,"name":"Shaded","section":"Shading Mode"},"sceneLighting":true,"audioPlay":false,"sceneViewState":{"showFog":true,"showMaterialUpdate":false,"showSkybox":true,"showFlares":true,"showImageEffects":true,"showParticleSystems":true},"in2DMode":false,"pivot":{"x":0.5993223786354065,"y":14.775800704956055,"z":3.7302207946777345},"rotation":{"x":0.010786235332489014,"y":-0.9837395548820496,"z":0.16775017976760865,"w":0.06324554979801178},"size":6.580682754516602,"orthographic":false}