{"cameraMode":{"drawMode":0,"name":"Shaded","section":"Shading Mode"},"sceneLighting":false,"audioPlay":false,"sceneViewState":{"showFog":true,"showMaterialUpdate":false,"showSkybox":true,"showFlares":true,"showImageEffects":true,"showParticleSystems":true},"in2DMode":false,"pivot":{"x":0.01301354169845581,"y":4.987104415893555,"z":0.0},"rotation":{"x":0.16996632516384126,"y":-0.3513546288013458,"z":0.06502535939216614,"w":0.9183861613273621},"size":2.5230958461761476,"orthographic":false}